{"stats":{"minecraft:picked_up":{"minecraft:splash_potion":1,"minecraft:feather":8,"minecraft:stone":9,"minecraft:chicken":10,"minecraft:potion":15,"minecraft:grass_block":4,"minecraft:gunpowder":2,"minecraft:redstone":15,"minecraft:green_terracotta":16,"minecraft:dirt":19,"minecraft:item_frame":10,"minecraft:lever":1,"minecraft:mutton":2,"minecraft:white_wool":2,"minecraft:egg":1},"minecraft:used":{"minecraft:sticky_piston":2,"minecraft:diorite":101,"minecraft:petrified_oak_slab":1,"minecraft:glass":135,"minecraft:lever":11,"minecraft:sea_lantern":10,"minecraft:writable_book":2,"minecraft:iron_bars":22,"minecraft:command_block":103,"minecraft:red_wool":2,"minecraft:ladder":7,"minecraft:iron_block":79,"minecraft:grass_block":747,"minecraft:oak_planks":1,"minecraft:redstone":87,"minecraft:carrot_on_a_stick":15683,"minecraft:stone_button":50,"minecraft:chicken_spawn_egg":1,"minecraft:sign":1,"minecraft:magenta_concrete":109,"minecraft:redstone_block":40,"minecraft:smooth_quartz":826,"minecraft:magenta_stained_glass":152,"minecraft:horse_spawn_egg":1,"minecraft:item_frame":15,"minecraft:green_terracotta":1500,"minecraft:repeater":50,"minecraft:redstone_lamp":3,"minecraft:dirt":124,"minecraft:comparator":1,"minecraft:oak_slab":1,"minecraft:lime_stained_glass_pane":5,"minecraft:tnt":34,"minecraft:lime_stained_glass":2,"minecraft:chain_command_block":170,"minecraft:lapis_block":11,"minecraft:repeating_command_block":24,"minecraft:air":683,"minecraft:sea_pickle":2,"minecraft:stone_pressure_plate":8,"minecraft:green_stained_glass_pane":25},"minecraft:dropped":{"minecraft:stone":2,"minecraft:black_stained_glass_pane":21,"minecraft:lingering_potion":1,"minecraft:potion":10,"minecraft:command_block":1,"minecraft:grass_block":8,"minecraft:carrot_on_a_stick":284,"minecraft:splash_potion":2},"minecraft:custom":{"minecraft:time_since_rest":520495,"minecraft:sprint_one_cm":3449952,"minecraft:walk_one_cm":3581087,"minecraft:damage_taken":70140,"minecraft:damage_absorbed":2160,"minecraft:mob_kills":138,"minecraft:drop":329,"minecraft:damage_dealt":3500,"minecraft:swim_one_cm":419,"minecraft:talked_to_villager":45,"minecraft:fly_one_cm":14154087,"minecraft:crouch_one_cm":35360,"minecraft:play_one_minute":2183876,"minecraft:deaths":3,"minecraft:sneak_time":22859,"minecraft:jump":23721,"minecraft:leave_game":191,"minecraft:time_since_death":520450,"minecraft:climb_one_cm":8278,"minecraft:fall_one_cm":442171,"minecraft:horse_one_cm":2388801},"minecraft:killed":{"minecraft:wolf":16,"minecraft:cow":1}},"DataVersion":1631}